Workbook
Name scale: Calculator!$C$20
Name XBig: Data!$B$44
Name XTravel: Data!$B$32
Name XTravelDouble: Data!$D$44
Name XTravelHalf: Data!$C$32
Name XYDiag: Data!$B$35
Name XYTravel: Data!$B$35
Name YBig: Data!$B$45
Name YTravel: Data!$B$33
Name YTravelDouble: Data!$D$45
Name YTravelHalf: Data!$C$33
Name ZBig: Data!$B$46
Name ZDiag: Data!#REF!
Name ZDiagBig: Data!#REF!
Name ZDiagDouble: Data!#REF!
Name ZDiagHalf: Data!#REF!
Name ZTravel: Data!#REF!
Name ZTravelDouble: Data!$D$46
Name ZTravelHalf: Data!#REF!
Name ZVertical: Data!$B$34
Name ZVerticalHalf: Data!$C$34
Name ZXDiag: Data!$B$37
Name ZYDiag: Data!$B$36
Name ZYTravel: Data!$B$36

Sheet Calculator
C1: CaliLantern Calculator | F1: V3.5
C2: All Instructions for this document are in the written PDF guide.
A4: Existing Calibration
B5: Skew
B6: Use Skew Model: | C6: None
A8: Klipper
B9: XY | C9: XZ | D9: YZ
B10: 0 | C10: 0 | D10: 0
A12: Marlin | B12: XY | C12: ZX | D12: ZY
B13: 0 | C13: 0 | D13: 0
A15: RRF | B15: S | C15: X | D15: Y | E15: Z
B16: 100 | C16: 0 | D16: 0 | E16: 0
A18: Measurements
A19: (This spreadsheet is locked to prevent accidental modification)
B20: Scale | C20: 1
B21: (if you have a larger printer, and larger tools, you can print at larger scale)
B23: Type | C23: Reading 1 | D23: Reading 2 | E23: Reading 3 | F23: Average | G23: Status
A24: 1 | B24: Outer | C24: 100 | D24: 100 | E24: 100 | F24: =Data!I2 -> 100 | G24: =Data!P2 -> 1
A25: 2 | B25: Outer | C25: 50 | D25: 50 | E25: 50 | F25: =Data!I3 -> 50 | G25: =Data!P3 -> 1
A26: 3 | B26: Inner | C26: 100 | D26: 100 | E26: 100 | F26: =Data!I4 -> 100 | G26: =Data!P4 -> 1
A27: 4 | B27: Inner | C27: 50 | D27: 50 | E27: 50 | F27: =Data!I5 -> 50 | G27: =Data!P5 -> 1
A28: 5 | B28: Outer | C28: 100 | D28: 100 | E28: 100 | F28: =Data!I6 -> 100 | G28: =Data!P6 -> 1
A29: 6 | B29: Outer | C29: 50 | D29: 50 | E29: 50 | F29: =Data!I7 -> 50 | G29: =Data!P7 -> 1
A30: 7 | B30: Inner | C30: 100 | D30: 100 | E30: 100 | F30: =Data!I8 -> 100 | G30: =Data!P8 -> 1
A31: 8 | B31: Inner | C31: 50 | D31: 50 | E31: 50 | F31: =Data!I9 -> 50 | G31: =Data!P9 -> 1
A32: 9 | B32: Outer | C32: 100 | D32: 100 | E32: 100 | F32: =Data!I12 -> 100 | G32: =Data!P12 -> 1
A33: 10 | B33: Outer | C33: 100 | D33: 100 | E33: 100 | F33: =Data!I13 -> 100 | G33: =Data!P13 -> 1
A34: 11 | B34: Outer | C34: 100 | D34: 100 | E34: 100 | F34: =Data!I14 -> 100 | G34: =Data!P14 -> 1
A35: 12 | B35: Outer | C35: 100 | D35: 100 | E35: 100 | F35: =Data!I15 -> 100 | G35: =Data!P15 -> 1
A36: 13 | B36: Outer | C36: 100 | D36: 100 | E36: 100 | F36: =Data!I16 -> 100 | G36: =Data!P16 -> 1
A37: 14 | B37: Outer | C37: 100 | D37: 100 | E37: 100 | F37: =Data!I17 -> 100 | G37: =Data!P17 -> 1
B39: 1 | C39: This measurement seems to have been taken correctly.
B40: 0.75 | C40: This measurement may have an error. Please Double-check your measurement.
B41: 0 | C41: This measurement very likely has a problem, may have been measured incorrectly.
A43: Results
A44: Score | B44: =Data!E103 -> 1000
A47: Size
B48: Error | C48: Correction
A49: X | B49: =Data!B41 -> 0 | C49: =B49*-1 -> 0
A50: Y | B50: =Data!C41 -> 0 | C50: =B50*-1 -> 0
A52: Skew
B53: Angle | C53: Measured Skew | D53: Firmware Skew Compensation | E53: Next Skew Estimate
A54: XY Skew | B54: =Data!B76 -> 90 | C54: =Data!B77 -> 0 | D54: =Data!B65 -> 0 | E54: =Data!B81 -> 0
A55: ZX Skew | B55: =Data!C76 -> 90 | C55: =Data!C77 -> 0 | D55: =Data!C65 -> 0 | E55: =Data!C81 -> 0
A56: ZY Skew | B56: =Data!D76 -> 90 | C56: =Data!D77 -> 0 | D56: =Data!D65 -> 0 | E56: =Data!D81 -> 0
A58: Extrusion
B59: Error
A60: Inner | B60: =Data!E41 -> 0
A61: Outer | B61: =Data!F41 -> 0
A65: Fix Skew
A66: Klipper G Code Fix
B68: Add | C68: [skew_correction] | H68: to printer.cfg
B69: Send Command | C69: =Data!A112 -> SET_SKEW XY=141.421,141.421,100 XZ=141.421,141.421,100 YZ=141.421,141.421,100 | H69: via console
B70: Send Command | C70: =Data!A113 -> SKEW_PROFILE SAVE=calilantern_skew_profile | H70: via console
B71: Send Command | C71: =Data!A114 -> SAVE_CONFIG | H71: via console
B72: Copy & Paste | C72: =Data!A115 -> SKEW_PROFILE LOAD=calilantern_skew_profile | H72: to end of start G code
B73: Copy & Paste | C73: =Data!A116 -> SET_SKEW CLEAR=1 | H73: to start of end G code
A75: Marlin Firmware Adjustment
B77: Copy & Paste | C77: =Data!A119 -> #define XY_DIAG_AC 141.421 | F77: to firmware
B78: Copy & Paste | C78: =Data!A120 -> #define XY_DIAG_BD 141.421 | F78: to firmware
B79: Copy & Paste | C79: =Data!A121 -> #define XY_SIDE_AD 100 | F79: to firmware
B81: Copy & Paste | C81: =Data!A127 -> #define XZ_DIAG_AC 141.421 | F81: to firmware
B82: Copy & Paste | C82: =Data!A128 -> #define XZ_DIAG_BD 141.421 | F82: to firmware
B83: Copy & Paste | C83: =Data!A129 -> #define YZ_DIAG_AC 141.421 | F83: to firmware
B84: Copy & Paste | C84: =Data!A130 -> #define YZ_DIAG_BD 141.421 | F84: to firmware
B85: Copy & Paste | C85: =Data!A131 -> #define YZ_SIDE_AD 100 | F85: to firmware
A88: Marlin Firmware Adjustment (alternative)
B90: Copy & Paste | C90: =Data!A123 -> #define XY_SKEW_FACTOR 0 | F90: to firmware
B91: Copy & Paste | C91: =Data!A124 -> #define XZ_SKEW_FACTOR 0 | F91: to firmware
B92: Copy & Paste | C92: =Data!A125 -> #define YZ_SKEW_FACTOR 0 | F92: to firmware
A95: Marlin G-Code Adjustment
B97: Ensure | C97: =Data!B133 -> #define SKEW_CORRECTION_GCODE | F97: in firmware
B98: Send Command | C98: =Data!B134 -> M852 I0 J0 K0 | F98: via console
B99: Send Command | C99: =Data!B135 -> M500 | F99: via console
A101: RepRap Firmware Adjustment
B103: Copy & Paste | C103: =Data!A143 -> M556 S100 X0 Y0 Z0 | F103: to config.g
A105: Fix Size | B105: (Pick one)
A106: Material XY shinkage
A107: SuperSlicer
B108: Current Shrinkage | C108: 100
B109: New Shrinkage | C109: =Data!B147 -> 100
A111: Cura/PrusaSlicer
B112: Current Scale | C112: 1
B113: New XY Scale | C113: =Data!B148 -> 1
A115: Steps/mm OR Rotation Distance
A116: (only use if you these if you have no other option)
C117: Input your values below
B118: Current Steps/mm (X) | C118: 100
B119: Current Steps/mm (Y) | C119: 100
B121: New Steps/mm (X) | C121: =Data!B151 -> 100
B122: New Steps/mm (Y) | C122: =Data!B152 -> 100
C124: Input your values below
B125: Current Rot. Dist. (X) | C125: 100
B126: Current Rot. Dist. (Y) | C126: 100
B128: New Rot. Dist. (X) | C128: =Data!B155 -> 100
B129: New Rot. Dist. (Y) | C129: =Data!B156 -> 100

Sheet Data
B1: Diagonal | C1: In/Out | D1: No. | E1: Design | F1: Read 1 | G1: Read 2 | H1: Read 3 | I1: Measured Avg | J1: Error | K1: % Error | L1: Abs. Error | M1: Mean Qual | N1: Reading Range | O1: Range Qual. | P1: Comment | Q1: Old No.
A2: X | C2: Outer | D2: 1 | E2: =XTravel -> 100 | F2: =Calculator!C24 -> 100 | G2: =Calculator!D24 -> 100 | H2: =Calculator!E24 -> 100 | I2: =AVERAGE(F2:H2) -> 100 | J2: =I2-E2 -> 0 | K2: =(I2-E2)/E2 -> 0 | L2: =ABS(E2-I2) -> 0 | M2: =IF(L2<$B$22,1,IF(L2<$C$22,0.5,0)) -> 1 | N2: =MAX(F2:H2)-MIN(F2:H2) -> 0 | O2: =IF(N2<$B$21,1,IF(N2<$C$21,0.5,0)) -> 1 | P2: =MIN(M2,O2) -> 1 | Q2: 1
C3: Outer | D3: 2 | E3: =XTravelHalf -> 50 | F3: =Calculator!C25 -> 50 | G3: =Calculator!D25 -> 50 | H3: =Calculator!E25 -> 50 | I3: =AVERAGE(F3:H3) -> 50 | J3: =I3-E3 -> 0 | K3: =(I3-E3)/E3 -> 0 | L3: =ABS(E3-I3) -> 0 | M3: =IF(L3<$B$22,1,IF(L3<$C$22,0.5,0)) -> 1 | N3: =MAX(F3:H3)-MIN(F3:H3) -> 0 | O3: =IF(N3<$B$21,1,IF(N3<$C$21,0.5,0)) -> 1 | P3: =MIN(M3,O3) -> 1 | Q3: 2
C4: Inner | D4: 3 | E4: =XTravel -> 100 | F4: =Calculator!C26 -> 100 | G4: =Calculator!D26 -> 100 | H4: =Calculator!E26 -> 100 | I4: =AVERAGE(F4:H4) -> 100 | J4: =I4-E4 -> 0 | K4: =(I4-E4)/E4 -> 0 | L4: =ABS(E4-I4) -> 0 | M4: =IF(L4<$B$22,1,IF(L4<$C$22,0.5,0)) -> 1 | N4: =MAX(F4:H4)-MIN(F4:H4) -> 0 | O4: =IF(N4<$B$21,1,IF(N4<$C$21,0.5,0)) -> 1 | P4: =MIN(M4,O4) -> 1 | Q4: 3
C5: Inner | D5: 4 | E5: =XTravelHalf -> 50 | F5: =Calculator!C27 -> 50 | G5: =Calculator!D27 -> 50 | H5: =Calculator!E27 -> 50 | I5: =AVERAGE(F5:H5) -> 50 | J5: =I5-E5 -> 0 | K5: =(I5-E5)/E5 -> 0 | L5: =ABS(E5-I5) -> 0 | M5: =IF(L5<$B$22,1,IF(L5<$C$22,0.5,0)) -> 1 | N5: =MAX(F5:H5)-MIN(F5:H5) -> 0 | O5: =IF(N5<$B$21,1,IF(N5<$C$21,0.5,0)) -> 1 | P5: =MIN(M5,O5) -> 1 | Q5: 4
A6: Y | C6: Outer | D6: 5 | E6: =YTravel -> 100 | F6: =Calculator!C28 -> 100 | G6: =Calculator!D28 -> 100 | H6: =Calculator!E28 -> 100 | I6: =AVERAGE(F6:H6) -> 100 | J6: =I6-E6 -> 0 | K6: =(I6-E6)/E6 -> 0 | L6: =ABS(E6-I6) -> 0 | M6: =IF(L6<$B$22,1,IF(L6<$C$22,0.5,0)) -> 1 | N6: =MAX(F6:H6)-MIN(F6:H6) -> 0 | O6: =IF(N6<$B$21,1,IF(N6<$C$21,0.5,0)) -> 1 | P6: =MIN(M6,O6) -> 1 | Q6: 5
C7: Outer | D7: 6 | E7: =YTravelHalf -> 50 | F7: =Calculator!C29 -> 50 | G7: =Calculator!D29 -> 50 | H7: =Calculator!E29 -> 50 | I7: =AVERAGE(F7:H7) -> 50 | J7: =I7-E7 -> 0 | K7: =(I7-E7)/E7 -> 0 | L7: =ABS(E7-I7) -> 0 | M7: =IF(L7<$B$22,1,IF(L7<$C$22,0.5,0)) -> 1 | N7: =MAX(F7:H7)-MIN(F7:H7) -> 0 | O7: =IF(N7<$B$21,1,IF(N7<$C$21,0.5,0)) -> 1 | P7: =MIN(M7,O7) -> 1 | Q7: 6
C8: Inner | D8: 7 | E8: =YTravel -> 100 | F8: =Calculator!C30 -> 100 | G8: =Calculator!D30 -> 100 | H8: =Calculator!E30 -> 100 | I8: =AVERAGE(F8:H8) -> 100 | J8: =I8-E8 -> 0 | K8: =(I8-E8)/E8 -> 0 | L8: =ABS(E8-I8) -> 0 | M8: =IF(L8<$B$22,1,IF(L8<$C$22,0.5,0)) -> 1 | N8: =MAX(F8:H8)-MIN(F8:H8) -> 0 | O8: =IF(N8<$B$21,1,IF(N8<$C$21,0.5,0)) -> 1 | P8: =MIN(M8,O8) -> 1 | Q8: 7
C9: Inner | D9: 8 | E9: =YTravelHalf -> 50 | F9: =Calculator!C31 -> 50 | G9: =Calculator!D31 -> 50 | H9: =Calculator!E31 -> 50 | I9: =AVERAGE(F9:H9) -> 50 | J9: =I9-E9 -> 0 | K9: =(I9-E9)/E9 -> 0 | L9: =ABS(E9-I9) -> 0 | M9: =IF(L9<$B$22,1,IF(L9<$C$22,0.5,0)) -> 1 | N9: =MAX(F9:H9)-MIN(F9:H9) -> 0 | O9: =IF(N9<$B$21,1,IF(N9<$C$21,0.5,0)) -> 1 | P9: =MIN(M9,O9) -> 1 | Q9: 8
A10: Z | C10: Outer | E10: =ZVertical -> 90 | F10: =ZVertical -> 90 | G10: =ZVertical -> 90 | H10: =ZVertical -> 90 | I10: =AVERAGE(F10:H10) -> 90 | J10: =I10-E10 -> 0 | K10: =(I10-E10)/E10 -> 0 | L10: =ABS(E10-I10) -> 0 | M10: =IF(L10<$B$22,1,IF(L10<$C$22,0.5,0)) -> 1 | N10: =MAX(F10:H10)-MIN(F10:H10) -> 0 | O10: =IF(N10<$B$21,1,IF(N10<$C$21,0.5,0)) -> 1 | P10: =MIN(M10,O10) -> 1 | Q10: 9
C11: Outer | E11: =ZVerticalHalf -> 45 | F11: =ZVerticalHalf -> 45 | G11: =ZVerticalHalf -> 45 | H11: =ZVerticalHalf -> 45 | I11: =AVERAGE(F11:H11) -> 45 | J11: =I11-E11 -> 0 | K11: =(I11-E11)/E11 -> 0 | L11: =ABS(E11-I11) -> 0 | M11: =IF(L11<$B$22,1,IF(L11<$C$22,0.5,0)) -> 1 | N11: =MAX(F11:H11)-MIN(F11:H11) -> 0 | O11: =IF(N11<$B$21,1,IF(N11<$C$21,0.5,0)) -> 1 | P11: =MIN(M11,O11) -> 1 | Q11: 10
A12: Skew XY | B12: A | C12: Outer | D12: 9 | E12: =XYDiag -> 100 | F12: =Calculator!C32 -> 100 | G12: =Calculator!D32 -> 100 | H12: =Calculator!E32 -> 100 | I12: =AVERAGE(F12:H12) -> 100 | J12: =I12-E12 -> 0 | K12: =(I12-E12)/E12 -> 0 | L12: =ABS(E12-I12) -> 0 | M12: =IF(L12<$B$22,1,IF(L12<$C$22,0.5,0)) -> 1 | N12: =MAX(F12:H12)-MIN(F12:H12) -> 0 | O12: =IF(N12<$B$21,1,IF(N12<$C$21,0.5,0)) -> 1 | P12: =MIN(M12,O12) -> 1 | Q12: 11
B13: B | C13: Outer | D13: 10 | E13: =XYDiag -> 100 | F13: =Calculator!C33 -> 100 | G13: =Calculator!D33 -> 100 | H13: =Calculator!E33 -> 100 | I13: =AVERAGE(F13:H13) -> 100 | J13: =I13-E13 -> 0 | K13: =(I13-E13)/E13 -> 0 | L13: =ABS(E13-I13) -> 0 | M13: =IF(L13<$B$22,1,IF(L13<$C$22,0.5,0)) -> 1 | N13: =MAX(F13:H13)-MIN(F13:H13) -> 0 | O13: =IF(N13<$B$21,1,IF(N13<$C$21,0.5,0)) -> 1 | P13: =MIN(M13,O13) -> 1 | Q13: 13
A14: Skew ZX | B14: A | C14: Outer | D14: 11 | E14: =ZXDiag -> 100 | F14: =Calculator!C34 -> 100 | G14: =Calculator!D34 -> 100 | H14: =Calculator!E34 -> 100 | I14: =AVERAGE(F14:H14) -> 100 | J14: =I14-E14 -> 0 | K14: =(I14-E14)/E14 -> 0 | L14: =ABS(E14-I14) -> 0 | M14: =IF(L14<$B$22,1,IF(L14<$C$22,0.5,0)) -> 1 | N14: =MAX(F14:H14)-MIN(F14:H14) -> 0 | O14: =IF(N14<$B$21,1,IF(N14<$C$21,0.5,0)) -> 1 | P14: =MIN(M14,O14) -> 1 | Q14: 15
B15: B | C15: Outer | D15: 12 | E15: =ZXDiag -> 100 | F15: =Calculator!C35 -> 100 | G15: =Calculator!D35 -> 100 | H15: =Calculator!E35 -> 100 | I15: =AVERAGE(F15:H15) -> 100 | J15: =I15-E15 -> 0 | K15: =(I15-E15)/E15 -> 0 | L15: =ABS(E15-I15) -> 0 | M15: =IF(L15<$B$22,1,IF(L15<$C$22,0.5,0)) -> 1 | N15: =MAX(F15:H15)-MIN(F15:H15) -> 0 | O15: =IF(N15<$B$21,1,IF(N15<$C$21,0.5,0)) -> 1 | P15: =MIN(M15,O15) -> 1 | Q15: 17
A16: Skew ZY | B16: A | C16: Outer | D16: 13 | E16: =ZYDiag -> 100 | F16: =Calculator!C36 -> 100 | G16: =Calculator!D36 -> 100 | H16: =Calculator!E36 -> 100 | I16: =AVERAGE(F16:H16) -> 100 | J16: =I16-E16 -> 0 | K16: =(I16-E16)/E16 -> 0 | L16: =ABS(E16-I16) -> 0 | M16: =IF(L16<$B$22,1,IF(L16<$C$22,0.5,0)) -> 1 | N16: =MAX(F16:H16)-MIN(F16:H16) -> 0 | O16: =IF(N16<$B$21,1,IF(N16<$C$21,0.5,0)) -> 1 | P16: =MIN(M16,O16) -> 1 | Q16: 19
B17: B | C17: Outer | D17: 14 | E17: =ZYDiag -> 100 | F17: =Calculator!C37 -> 100 | G17: =Calculator!D37 -> 100 | H17: =Calculator!E37 -> 100 | I17: =AVERAGE(F17:H17) -> 100 | J17: =I17-E17 -> 0 | K17: =(I17-E17)/E17 -> 0 | L17: =ABS(E17-I17) -> 0 | M17: =IF(L17<$B$22,1,IF(L17<$C$22,0.5,0)) -> 1 | N17: =MAX(F17:H17)-MIN(F17:H17) -> 0 | O17: =IF(N17<$B$21,1,IF(N17<$C$21,0.5,0)) -> 1 | P17: =MIN(M17,O17) -> 1 | Q17: 21
B20: OK | C20: Not OK
A21: Range | B21: 0.15 | C21: 0.5 | F21: V3 CHANGES
A22: Mean | B22: 0.8 | C22: 1.2 | F22: Shape that reduces contraction skew
F23: Remove double measurement from Z
A24: Validation List | F24: Remove vertical Z measurement. It doesn't shrink in the same way. Calculation assumes perfection
A25: Klipper | F25: Calculations validated with 10 degree skewed test object.
A26: Marlin
A27: RRF
A28: None
A30: Design Dimensions | L30: Stock Data | P30: Test Data
B31: Design | C31: Half | L31: 100 | M31: 100 | N31: 100 | P31: 99 | Q31: 98 | R31: 97
A32: X Travel | B32: =100*scale -> 100 | C32: =B32/2 -> 50 | L32: 50 | M32: 50 | N32: 50 | P32: 49 | Q32: 48 | R32: 47
A33: Y Travel | B33: =100*scale -> 100 | C33: =B33/2 -> 50 | L33: 100 | M33: 100 | N33: 100 | P33: 99.5 | Q33: 99.1 | R33: 99.21
A34: Z Vertical | B34: =90*scale -> 90 | C34: =B34/2 -> 45 | L34: 50 | M34: 50 | N34: 50 | P34: 49 | Q34: 46 | R34: 51
A35: XY Diag | B35: =100*scale -> 100 | L35: 100 | M35: 100 | N35: 100 | P35: 99.8 | Q35: 99.6 | R35: 100.1
A36: YZ Diag | B36: =100*scale -> 100 | L36: 50 | M36: 50 | N36: 50 | P36: 51 | Q36: 52 | R36: 49
A37: XZ Diag | B37: =100*scale -> 100 | L37: 100 | M37: 100 | N37: 100 | P37: 100.5 | Q37: 99.5 | R37: 99.8
L38: 50 | M38: 50 | N38: 50 | P38: 49 | Q38: 48 | R38: 47
A39: Measurement Summary | L39: 100 | M39: 100 | N39: 100 | P39: 101 | Q39: 102 | R39: 101
B40: X Error | C40: Y Error | D40: Z Error | E40: Inner | F40: Outer | L40: 100 | M40: 100 | N40: 100 | P40: 102 | Q40: 103 | R40: 101
A41: Average | B41: =AVERAGE(K2:K5) -> 0 | C41: =AVERAGE(K6:K9) -> 0 | D41: =AVERAGE(K10:K11) -> 0 | E41: =AVERAGE(K4:K5,K8:K9) -> 0 | F41: =AVERAGE(K2:K3,K6:K7) -> 0 | L41: 100 | M41: 100 | N41: 100 | P41: 99 | Q41: 101 | R41: 98
L42: 100 | M42: 100 | N42: 100 | P42: 101 | Q42: 101 | R42: 98
B43: Big | C43: Small | D43: Double Big | L43: 100 | M43: 100 | N43: 100 | P43: 97 | Q43: 102 | R43: 101
A44: X | B44: =AVERAGE(I2,I4) -> 100 | C44: =AVERAGE(I3,I5) -> 50 | D44: =B44*2 -> 200 | L44: 100 | M44: 100 | N44: 100 | P44: 99 | Q44: 97 | R44: 101
A45: Y | B45: =AVERAGE(I6,I8) -> 100 | C45: =AVERAGE(I7,I9) -> 50 | D45: =B45*2 -> 200
A46: Z | B46: =I10 -> 90 | C46: =I11 -> 45 | D46: =B46*2 -> 180
A48: Existing Compensation
A49: =Calculator!A8 -> Klipper | B49: XY | C49: ZX | D49: ZY
A50: Firmware | B50: =Calculator!B10 -> 0 | C50: =Calculator!C10 -> 0 | D50: =Calculator!D10 -> 0
A51: Skew | B51: =DEGREES(B50) -> 0 | C51: =DEGREES(C50) -> 0 | D51: =DEGREES(D50) -> 0
A53: =Calculator!A12 -> Marlin | B53: XY | C53: ZX | D53: ZY
A54: Skew Factor | B54: =Calculator!B13 -> 0 | C54: =Calculator!C13 -> 0 | D54: =Calculator!D13 -> 0
A55: AB (b) | B55: 100 | C55: 100 | D55: 100
A56: AD (a) | B56: 100 | C56: 100 | D56: 100
A57: AC (c) | B57: =SQRT(20000*COS(PI()/2-ATAN(B54))+20000) -> 141.42136 | C57: =SQRT(20000*COS(PI()/2-ATAN(C54))+20000) -> 141.42136 | D57: =SQRT(20000*COS(PI()/2-ATAN(D54))+20000) -> 141.42136
A58: Skew | B58: =90-2*DEGREES(ACOS((B55^2+B57^2-B56^2)/(2*B55*B57))) -> 0 | C58: =90-2*DEGREES(ACOS((C55^2+C57^2-C56^2)/(2*C55*C57))) -> 0 | D58: =90-2*DEGREES(ACOS((D55^2+D57^2-D56^2)/(2*D55*D57))) -> 0
B60: XY | C60: ZX | D60: ZY | E60: S
A61: =Calculator!A15 -> RRF | B61: =Calculator!C16 -> 0 | C61: =Calculator!D16 -> 0 | D61: =Calculator!E16 -> 0 | E61: =Calculator!B16 -> 100
A62: Skew (degrees) | B62: =DEGREES(ATAN(B61/$E$61)) -> 0 | C62: =DEGREES(ATAN(C61/$E$61)) -> 0 | D62: =DEGREES(ATAN(D61/$E$61)) -> 0
A64: Model Name | B64: =Calculator!C6 -> None
A65: Existing Skew | B65: =IF($B$64="Klipper",B51,IF($B$64="Marlin",B58,IF($B$64="RRF",B62,0))) -> 0 | C65: =IF($B$64="Klipper",C51,IF($B$64="Marlin",C58,IF($B$64="RRF",C62,0))) -> 0 | D65: =IF($B$64="Klipper",D51,IF($B$64="Marlin",D58,IF($B$64="RRF",D62,0))) -> 0
A68: Skew Calculation
B69: XY (9,10) | C69: ZX (11,12) | D69: ZY (13,14)
A70: A | B70: =I12 -> 100 | C70: =I14 -> 100 | D70: =I16 -> 100
A71: B | B71: =I13 -> 100 | C71: =I15 -> 100 | D71: =I17 -> 100
A72: AC | B72: =B70*SQRT(2) -> 141.42136 | C72: =C70*SQRT(2) -> 141.42136 | D72: =D70*SQRT(2) -> 141.42136
A73: BD | B73: =B71*SQRT(2) -> 141.42136 | C73: =C71*SQRT(2) -> 141.42136 | D73: =D71*SQRT(2) -> 141.42136
A74: H1 (a) | B74: =50*SQRT(2)*(1+$B$41)*scale -> 70.710678 | C74: =50*SQRT(2)*(1+$B$41)*scale -> 70.710678 | D74: =50*SQRT(2)*(1+$C$41)*scale -> 70.710678
A75: H2 (b) | B75: =SQRT(((B70^2)+(B71^2)-2*(B74^2))/2) -> 70.710678 | C75: =SQRT(((C70^2)+(C71^2)-2*(C74^2))/2) -> 70.710678 | D75: =SQRT(((D70^2)+(D71^2)-2*(D74^2))/2) -> 70.710678
A76: Angle | B76: =DEGREES(ACOS(((B70^2)-(B74^2)-(B75^2))/(2*B74*B75))) -> 90 | C76: =DEGREES(ACOS(((C70^2)-(C74^2)-(C75^2))/(2*C74*C75))) -> 90 | D76: =DEGREES(ACOS(((D70^2)-(D74^2)-(D75^2))/(2*D74*D75))) -> 90
A77: Skew | B77: =B76-90 -> 0 | C77: =C76-90 -> 0 | D77: =D76-90 -> 0
A79: Measured Skew | B79: =B77 -> 0 | C79: =C77 -> 0 | D79: =D77 -> 0
A80: FW. Configured Skew | B80: =B65 -> 0 | C80: =C65 -> 0 | D80: =D65 -> 0
A81: Reconstructed Skew | B81: =B79-B80 -> 0 | C81: =C79-C80 -> 0 | D81: =D79-D80 -> 0
B83: =90+B81 -> 90 | C83: =90+C81 -> 90 | D83: =90+D81 -> 90
A84: New AC | B84: =200*COS(RADIANS(B83/2)) -> 141.42136 | C84: =200*COS(RADIANS(C83/2)) -> 141.42136 | D84: =200*COS(RADIANS(D83/2)) -> 141.42136
A85: New BD | B85: =200*SIN(RADIANS(B83/2)) -> 141.42136 | C85: =200*SIN(RADIANS(C83/2)) -> 141.42136 | D85: =200*SIN(RADIANS(D83/2)) -> 141.42136
A86: New AD | B86: =(2/scale)*B74/SQRT(2) -> 100 | C86: =(2/scale)*C74/SQRT(2) -> 100 | D86: =(2/scale)*D74/SQRT(2) -> 100
A87: AB | B87: =SQRT((2*B84^2)+(2*B85^2)-(4*B86^2))/2 -> 100 | C87: =SQRT((2*C84^2)+(2*C85^2)-(4*C86^2))/2 -> 100 | D87: =SQRT((2*D84^2)+(2*D85^2)-(4*D86^2))/2 -> 100
A88: Skew Factor | B88: =IFERROR(TAN(PI()/2-ACOS((B84*B84-B87*B87-B86*B86)/(2*B87*B86))),0) -> 2.220446e-16 | C88: =IFERROR(TAN(PI()/2-ACOS((C84*C84-C87*C87-C86*C86)/(2*C87*C86))),0) -> 2.220446e-16 | D88: =IFERROR(TAN(PI()/2-ACOS((D84*D84-D87*D87-D86*D86)/(2*D87*D86))),0) -> 2.220446e-16
A89: Rounded AC | B89: =ROUND(B84,3) -> 141.421 | C89: =ROUND(C84,3) -> 141.421 | D89: =ROUND(D84,3) -> 141.421
A90: Rounded BD | B90: =ROUND(B85,3) -> 141.421 | C90: =ROUND(C85,3) -> 141.421 | D90: =ROUND(D85,3) -> 141.421
A91: Rounded AD | B91: =ROUND(B86,3) -> 100 | C91: =ROUND(C86,3) -> 100 | D91: =ROUND(D86,3) -> 100
A97: Score | E97: 1000
A98: XY | B98: =ABS(B79) -> 0 | C98: 0.4 | D98: =IF(B98>C98,0,1-(B98/C98)) -> 1 | E98: =D98*$E$97/5 -> 200
A99: ZX | B99: =ABS(C79) -> 0 | C99: 0.4 | D99: =IF(B99>C99,0,1-(B99/C99)) -> 1 | E99: =D99*$E$97/5 -> 200
A100: ZY | B100: =ABS(D79) -> 0 | C100: 0.4 | D100: =IF(B100>C100,0,1-(B100/C100)) -> 1 | E100: =D100*$E$97/5 -> 200
A101: X | B101: =ABS(B41) -> 0 | C101: 0.006 | D101: =IF(B101>C101,0,1-(B101/C101)) -> 1 | E101: =D101*$E$97/5 -> 200
A102: Y | B102: =ABS(C41) -> 0 | C102: 0.006 | D102: =IF(B102>C102,0,1-(B102/C102)) -> 1 | E102: =D102*$E$97/5 -> 200
E103: =SUM(E98:E102) -> 1000
A105: Klipper
A106: ="XY"&"="&B89&","&B90&","&B91 -> XY=141.421,141.421,100
A107: ="XZ"&"="&C89&","&C90&","&C91 -> XZ=141.421,141.421,100
A108: ="YZ"&"="&D89&","&D90&","&D91 -> YZ=141.421,141.421,100
A111: Set Skew = AC,BD,AD
A112: ="SET_SKEW"&" "&A106&" "&A107&" "&A108 -> SET_SKEW XY=141.421,141.421,100 XZ=141.421,141.421,100 YZ=141.421,141.421,100
A113: SKEW_PROFILE SAVE=calilantern_skew_profile
A114: SAVE_CONFIG
A115: SKEW_PROFILE LOAD=calilantern_skew_profile
A116: SET_SKEW CLEAR=1
A118: Marlin
A119: ="#define XY_DIAG_AC " & ROUND(B89,4) -> #define XY_DIAG_AC 141.421 | D119: From Marlin Firmware:
A120: ="#define XY_DIAG_BD " & ROUND(B90,4) -> #define XY_DIAG_BD 141.421 | D120: Compute AB : SQRT(2*AC*AC+2*BD*BD-4*AD*AD)/2
...
